name,url
Africa at LSE,https://blogs.lse.ac.uk/africaatlse/recent-posts
British Politics and Policy at LSE,https://blogs.lse.ac.uk/politicsandpolicy/recent-posts
China Dialogues,https://blogs.lse.ac.uk/cff/recent-posts
LSE COVID-19,https://blogs.lse.ac.uk/covid19/recent-posts
EUROPP,https://blogs.lse.ac.uk/europpblog/latest-posts
Global,https://blogs.lse.ac.uk/globalhealth/recent-posts
Greece at LSE,https://blogs.lse.ac.uk/greeceatlse/recent-posts
Latin American and Caribbean Centre,https://blogs.lse.ac.uk/latamcaribbean/recent-posts
Review of Books,https://blogs.lse.ac.uk/lsereviewofbooks/recent-posts
LSE Southeast Asia Blog,https://blogs.lse.ac.uk/seac/recent-posts
Media@LSE,https://blogs.lse.ac.uk/medialse/recent-posts
Middle East Centre Blog,https://blogs.lse.ac.uk/mec/recent-posts
LSE Business Review,https://blogs.lse.ac.uk/businessreview/recent-posts
LSE Human Rights,https://blogs.lse.ac.uk/humanrights/recent-posts
LSE Impact Blog,https://blogs.lse.ac.uk/impactofsocialsciences/recent-posts
LSE International History,https://blogs.lse.ac.uk/lseih/recent-posts
LSE London,https://blogs.lse.ac.uk/lselondon/our-blogposts
Parenting for a Digital Future,https://blogs.lse.ac.uk/parenting4digitalfuture/recent-posts-2
Polis,https://blogs.lse.ac.uk/polis/recent-posts
Researching Sociology at LSE,https://blogs.lse.ac.uk/researchingsociology/recent-posts
Religion and Global Society,https://blogs.lse.ac.uk/religionglobalsociety/recent-posts
South Asia @ LSE,https://blogs.lse.ac.uk/southasia/recent-posts
"Women, Peace and Security",https://blogs.lse.ac.uk/wps/recent-posts
USAPP,https://blogs.lse.ac.uk/usappblog/recent-posts
LSE Inequalities,https://blogs.lse.ac.uk/inequalities/view-all
"Activism, Influence and Change",https://blogs.lse.ac.uk/activism-influence-change/recent-post
